,arrHour,reg_centsPerHr,sch_centsPerHr,sch_overstayPerHr,sch_centsPerkWh,highPower,estDurationHrs,estEnergykWh
24,0,227.8009098293692,215.97960604174534,,,1,1.9076349999999997,11.8535
25,1,227.8009098293692,215.97960604174534,,,1,1.9076349999999997,11.8535
26,2,227.8009098293692,215.97960604174534,,,1,1.9076349999999997,11.8535
27,3,227.8009098293692,215.97960604174534,,,1,1.9076349999999997,11.8535
28,4,227.8009098293692,215.97960604174534,,,1,1.9076349999999997,11.8535
29,5,227.8009098293692,215.97960604174534,,,1,1.9076349999999997,11.8535
30,6,227.80095331820465,215.9796508671555,,,1,2.0504580000000003,11.301533333333332
31,7,219.95538203840883,204.34355837801334,,,1,6.540800227272728,28.032318181818184
32,8,224.50554756150288,199.10008255399504,,,1,5.813423352941176,25.234688235294122
33,9,223.37129238279294,209.27240358908494,,,1,5.782630162601626,28.08121951219512
34,10,222.74132379865716,214.55784980896385,,,1,6.009141358024691,35.54837037037037
35,11,223.37129407077276,209.2724148942156,,,1,3.2818009375,19.01890625
36,12,224.14623080286873,215.69755107225615,,,1,3.6153288888888886,15.254044444444444
37,13,227.69028835019984,210.4995052650377,,,1,3.244813125,17.491875
38,14,227.88784118662477,216.08344259367016,,,1,2.247329,12.3306
39,15,245.585446247129,184.8088632949528,,,1,2.673358888888889,15.77822222222222
40,16,260.20730689566955,197.58241043209583,,,1,2.87923125,16.111375
41,17,260.20733916139085,197.58246725099565,,,1,2.078756153846154,10.05
42,18,260.20724624755326,197.58241947401612,,,1,2.28150625,13.9744375
43,19,248.74643320087418,203.03547669918262,,,1,3.17187,16.26775
44,20,274.3373246863458,230.61657942518966,,,1,1.18092,5.821333333333333
45,21,227.88787146550487,216.08347322882813,,,1,2.44333,15.264000000000001
46,22,227.88787146550487,216.08347322882813,,,1,2.44333,15.264000000000001
47,23,227.88787146550487,216.08347322882813,,,1,2.44333,15.264000000000001
